Unnamed: 0,Unnamed: 0
crid,crid
officer_id,officer_id
dateobj,dateobj
no_affidavit,no_affidavit
weekend,weekend
police_investigator,police_investigator
centrality_score,centrality_score
Investigators 1.0,Investigators 1.0
Investigators 3.0,Investigators 3.0
Investigators 4.0,Investigators 4.0
Investigators 5.0,Investigators 5.0
Investigators 6.0,Investigators 6.0
Investigators 7.0,Investigators 7.0
Investigators 8.0,Investigators 8.0
Investigators 9.0,Investigators 9.0
Investigators 10.0,Investigators 10.0
Investigators 11.0,Investigators 11.0
Investigators 12.0,Investigators 12.0
Investigators 14.0,Investigators 14.0
Investigators 15.0,Investigators 15.0
Investigators 17.0,Investigators 17.0
Investigators 18.0,Investigators 18.0
Investigators 19.0,Investigators 19.0
Investigators 21.0,Investigators 21.0
Investigators 22.0,Investigators 22.0
Investigators 23.0,Investigators 23.0
Investigators 24.0,Investigators 24.0
Investigators 25.0,Investigators 25.0
Investigators 26.0,Investigators 26.0
Investigators 28.0,Investigators 28.0
Investigators 29.0,Investigators 29.0
Investigators 30.0,Investigators 30.0
Investigators 31.0,Investigators 31.0
Investigators 32.0,Investigators 32.0
Investigators 33.0,Investigators 33.0
Investigators 35.0,Investigators 35.0
Investigators 36.0,Investigators 36.0
Investigators 37.0,Investigators 37.0
Investigators 38.0,Investigators 38.0
Investigators 39.0,Investigators 39.0
Investigators 41.0,Investigators 41.0
Investigators 42.0,Investigators 42.0
Investigators 44.0,Investigators 44.0
Investigators 45.0,Investigators 45.0
Investigators 46.0,Investigators 46.0
Investigators 47.0,Investigators 47.0
Investigators 48.0,Investigators 48.0
Investigators 49.0,Investigators 49.0
Investigators 50.0,Investigators 50.0
Investigators 51.0,Investigators 51.0
Investigators 52.0,Investigators 52.0
Investigators 53.0,Investigators 53.0
Investigators 54.0,Investigators 54.0
Investigators 55.0,Investigators 55.0
Investigators 56.0,Investigators 56.0
Investigators 57.0,Investigators 57.0
Investigators 58.0,Investigators 58.0
Investigators 61.0,Investigators 61.0
Investigators 62.0,Investigators 62.0
Investigators 63.0,Investigators 63.0
Investigators 64.0,Investigators 64.0
Investigators 65.0,Investigators 65.0
Investigators 67.0,Investigators 67.0
Investigators 68.0,Investigators 68.0
Investigators 69.0,Investigators 69.0
Investigators 70.0,Investigators 70.0
Investigators 71.0,Investigators 71.0
Investigators 72.0,Investigators 72.0
Investigators 73.0,Investigators 73.0
Investigators 74.0,Investigators 74.0
Investigators 75.0,Investigators 75.0
Investigators 76.0,Investigators 76.0
Investigators 77.0,Investigators 77.0
Investigators 78.0,Investigators 78.0
Investigators 79.0,Investigators 79.0
Investigators 80.0,Investigators 80.0
Investigators 81.0,Investigators 81.0
Investigators 82.0,Investigators 82.0
Investigators 83.0,Investigators 83.0
Investigators 84.0,Investigators 84.0
Investigators 85.0,Investigators 85.0
Investigators 86.0,Investigators 86.0
Investigators 87.0,Investigators 87.0
Investigators 88.0,Investigators 88.0
Investigators 89.0,Investigators 89.0
Investigators 90.0,Investigators 90.0
Investigators 91.0,Investigators 91.0
Investigators 92.0,Investigators 92.0
Investigators 93.0,Investigators 93.0
Investigators 94.0,Investigators 94.0
Investigators 95.0,Investigators 95.0
Investigators 96.0,Investigators 96.0
Investigators 97.0,Investigators 97.0
Investigators 98.0,Investigators 98.0
Investigators 99.0,Investigators 99.0
Investigators 100.0,Investigators 100.0
Investigators 101.0,Investigators 101.0
Investigators 102.0,Investigators 102.0
Investigators 103.0,Investigators 103.0
Investigators 104.0,Investigators 104.0
Investigators 105.0,Investigators 105.0
Investigators 106.0,Investigators 106.0
Investigators 107.0,Investigators 107.0
Investigators 108.0,Investigators 108.0
Investigators 109.0,Investigators 109.0
Investigators 110.0,Investigators 110.0
Investigators 111.0,Investigators 111.0
Investigators 112.0,Investigators 112.0
Investigators 113.0,Investigators 113.0
Investigators 115.0,Investigators 115.0
Investigators 116.0,Investigators 116.0
Investigators 117.0,Investigators 117.0
Investigators 118.0,Investigators 118.0
Investigators 119.0,Investigators 119.0
Investigators 120.0,Investigators 120.0
Investigators 121.0,Investigators 121.0
Investigators 122.0,Investigators 122.0
Investigators 123.0,Investigators 123.0
Investigators 124.0,Investigators 124.0
Investigators 125.0,Investigators 125.0
Investigators 126.0,Investigators 126.0
Investigators 127.0,Investigators 127.0
Investigators 128.0,Investigators 128.0
Investigators 129.0,Investigators 129.0
Investigators 130.0,Investigators 130.0
Investigators 131.0,Investigators 131.0
Investigators 132.0,Investigators 132.0
Investigators 133.0,Investigators 133.0
Investigators 134.0,Investigators 134.0
Investigators 135.0,Investigators 135.0
Investigators 136.0,Investigators 136.0
Investigators 137.0,Investigators 137.0
Investigators 138.0,Investigators 138.0
Investigators 139.0,Investigators 139.0
Investigators 140.0,Investigators 140.0
Investigators 141.0,Investigators 141.0
Investigators 142.0,Investigators 142.0
Investigators 143.0,Investigators 143.0
Investigators 144.0,Investigators 144.0
Investigators 145.0,Investigators 145.0
Investigators 146.0,Investigators 146.0
Investigators 147.0,Investigators 147.0
Investigators 148.0,Investigators 148.0
Investigators 149.0,Investigators 149.0
Investigators 150.0,Investigators 150.0
Investigators 151.0,Investigators 151.0
Investigators 152.0,Investigators 152.0
Investigators 153.0,Investigators 153.0
Investigators 155.0,Investigators 155.0
Investigators 156.0,Investigators 156.0
Investigators 157.0,Investigators 157.0
Investigators 158.0,Investigators 158.0
Investigators 159.0,Investigators 159.0
Investigators 160.0,Investigators 160.0
Investigators 161.0,Investigators 161.0
Investigators 162.0,Investigators 162.0
Investigators 163.0,Investigators 163.0
Investigators 164.0,Investigators 164.0
Investigators 166.0,Investigators 166.0
Investigators 167.0,Investigators 167.0
Investigators 168.0,Investigators 168.0
Investigators 169.0,Investigators 169.0
Investigators 171.0,Investigators 171.0
Investigators 172.0,Investigators 172.0
Investigators 173.0,Investigators 173.0
Investigators 174.0,Investigators 174.0
Investigators 175.0,Investigators 175.0
Investigators 176.0,Investigators 176.0
Investigators 177.0,Investigators 177.0
Investigators 178.0,Investigators 178.0
Investigators 179.0,Investigators 179.0
Investigators 180.0,Investigators 180.0
Investigators 181.0,Investigators 181.0
Investigators 182.0,Investigators 182.0
Investigators 183.0,Investigators 183.0
Investigators 185.0,Investigators 185.0
Investigators 186.0,Investigators 186.0
Investigators 187.0,Investigators 187.0
Investigators 188.0,Investigators 188.0
Investigators 189.0,Investigators 189.0
Investigators 190.0,Investigators 190.0
Investigators 191.0,Investigators 191.0
Investigators 192.0,Investigators 192.0
Investigators 193.0,Investigators 193.0
Investigators 194.0,Investigators 194.0
Investigators 195.0,Investigators 195.0
Investigators 196.0,Investigators 196.0
Investigators 197.0,Investigators 197.0
Investigators 198.0,Investigators 198.0
Investigators 199.0,Investigators 199.0
Investigators 200.0,Investigators 200.0
Investigators 202.0,Investigators 202.0
Investigators 205.0,Investigators 205.0
Investigators 206.0,Investigators 206.0
Investigators 207.0,Investigators 207.0
Investigators 208.0,Investigators 208.0
Investigators 209.0,Investigators 209.0
Investigators 210.0,Investigators 210.0
Investigators 211.0,Investigators 211.0
Investigators 212.0,Investigators 212.0
Investigators 213.0,Investigators 213.0
Investigators 214.0,Investigators 214.0
Investigators 215.0,Investigators 215.0
Investigators 216.0,Investigators 216.0
Investigators 217.0,Investigators 217.0
Investigators 218.0,Investigators 218.0
Investigators 219.0,Investigators 219.0
Investigators 220.0,Investigators 220.0
Investigators 221.0,Investigators 221.0
Investigators 222.0,Investigators 222.0
Investigators 223.0,Investigators 223.0
Investigators 224.0,Investigators 224.0
Investigators 227.0,Investigators 227.0
Investigators 228.0,Investigators 228.0
Investigators 229.0,Investigators 229.0
Investigators 230.0,Investigators 230.0
Investigators 231.0,Investigators 231.0
Investigators 232.0,Investigators 232.0
Investigators 234.0,Investigators 234.0
Investigators 235.0,Investigators 235.0
Investigators 237.0,Investigators 237.0
Investigators 239.0,Investigators 239.0
Investigators 240.0,Investigators 240.0
Investigators 241.0,Investigators 241.0
Investigators 242.0,Investigators 242.0
Investigators 243.0,Investigators 243.0
Investigators 244.0,Investigators 244.0
Investigators 245.0,Investigators 245.0
Investigators 246.0,Investigators 246.0
Investigators 247.0,Investigators 247.0
Investigators 248.0,Investigators 248.0
Investigators 249.0,Investigators 249.0
Investigators 250.0,Investigators 250.0
Investigators 251.0,Investigators 251.0
Investigators 252.0,Investigators 252.0
Investigators 254.0,Investigators 254.0
Investigators 255.0,Investigators 255.0
Investigators 256.0,Investigators 256.0
Investigators 257.0,Investigators 257.0
Investigators 259.0,Investigators 259.0
Investigators 260.0,Investigators 260.0
Investigators 261.0,Investigators 261.0
Investigators 262.0,Investigators 262.0
Investigators 263.0,Investigators 263.0
Investigators 264.0,Investigators 264.0
Investigators 266.0,Investigators 266.0
Investigators 267.0,Investigators 267.0
Investigators 268.0,Investigators 268.0
Investigators 269.0,Investigators 269.0
Investigators 270.0,Investigators 270.0
Investigators 271.0,Investigators 271.0
Investigators 272.0,Investigators 272.0
Investigators 273.0,Investigators 273.0
Investigators 274.0,Investigators 274.0
Investigators 275.0,Investigators 275.0
Investigators 276.0,Investigators 276.0
Investigators 277.0,Investigators 277.0
Investigators 278.0,Investigators 278.0
Investigators 279.0,Investigators 279.0
Investigators 280.0,Investigators 280.0
Investigators 281.0,Investigators 281.0
Investigators 282.0,Investigators 282.0
Investigators 283.0,Investigators 283.0
Investigators 285.0,Investigators 285.0
Investigators 286.0,Investigators 286.0
Investigators 287.0,Investigators 287.0
Investigators 288.0,Investigators 288.0
Investigators 289.0,Investigators 289.0
Investigators 290.0,Investigators 290.0
Investigators 291.0,Investigators 291.0
Investigators 292.0,Investigators 292.0
Investigators 293.0,Investigators 293.0
Investigators 294.0,Investigators 294.0
Investigators 295.0,Investigators 295.0
Investigators 296.0,Investigators 296.0
Investigators 297.0,Investigators 297.0
Investigators 298.0,Investigators 298.0
Investigators 299.0,Investigators 299.0
Investigators 300.0,Investigators 300.0
Investigators 301.0,Investigators 301.0
Investigators 302.0,Investigators 302.0
Investigators 303.0,Investigators 303.0
Investigators 304.0,Investigators 304.0
Investigators 305.0,Investigators 305.0
Investigators 306.0,Investigators 306.0
Investigators 308.0,Investigators 308.0
Investigators 309.0,Investigators 309.0
Investigators 310.0,Investigators 310.0
Investigators 311.0,Investigators 311.0
Investigators 312.0,Investigators 312.0
Investigators 314.0,Investigators 314.0
Investigators 315.0,Investigators 315.0
Investigators 316.0,Investigators 316.0
Investigators 317.0,Investigators 317.0
Investigators 319.0,Investigators 319.0
Investigators 320.0,Investigators 320.0
Investigators 321.0,Investigators 321.0
Investigators 322.0,Investigators 322.0
Investigators 323.0,Investigators 323.0
Investigators 324.0,Investigators 324.0
Investigators 326.0,Investigators 326.0
Investigators 327.0,Investigators 327.0
Investigators 328.0,Investigators 328.0
Investigators 329.0,Investigators 329.0
Investigators 330.0,Investigators 330.0
Investigators 332.0,Investigators 332.0
Investigators 333.0,Investigators 333.0
Investigators 334.0,Investigators 334.0
Investigators 335.0,Investigators 335.0
Investigators 336.0,Investigators 336.0
Investigators 337.0,Investigators 337.0
Investigators 338.0,Investigators 338.0
Investigators 339.0,Investigators 339.0
Investigators 340.0,Investigators 340.0
Investigators 341.0,Investigators 341.0
Investigators 342.0,Investigators 342.0
Investigators 343.0,Investigators 343.0
Investigators 345.0,Investigators 345.0
Investigators 346.0,Investigators 346.0
Investigators 347.0,Investigators 347.0
Investigators 348.0,Investigators 348.0
Investigators 349.0,Investigators 349.0
Investigators 350.0,Investigators 350.0
Investigators 351.0,Investigators 351.0
Investigators 353.0,Investigators 353.0
Investigators 354.0,Investigators 354.0
Investigators 355.0,Investigators 355.0
Investigators 356.0,Investigators 356.0
Investigators 359.0,Investigators 359.0
Investigators 360.0,Investigators 360.0
Investigators 361.0,Investigators 361.0
Investigators 362.0,Investigators 362.0
Investigators 363.0,Investigators 363.0
Investigators 364.0,Investigators 364.0
Investigators 365.0,Investigators 365.0
Investigators 366.0,Investigators 366.0
Investigators 367.0,Investigators 367.0
Investigators 369.0,Investigators 369.0
Investigators 370.0,Investigators 370.0
Investigators 371.0,Investigators 371.0
Investigators 372.0,Investigators 372.0
Investigators 373.0,Investigators 373.0
Investigators 374.0,Investigators 374.0
Investigators 375.0,Investigators 375.0
Investigators 376.0,Investigators 376.0
Investigators 377.0,Investigators 377.0
Investigators 378.0,Investigators 378.0
Investigators 380.0,Investigators 380.0
Investigators 381.0,Investigators 381.0
Investigators 382.0,Investigators 382.0
Investigators 383.0,Investigators 383.0
Investigators 384.0,Investigators 384.0
Investigators 385.0,Investigators 385.0
Investigators 386.0,Investigators 386.0
Investigators 388.0,Investigators 388.0
Investigators 389.0,Investigators 389.0
Investigators 390.0,Investigators 390.0
Investigators 392.0,Investigators 392.0
Investigators 394.0,Investigators 394.0
Investigators 396.0,Investigators 396.0
Investigators 397.0,Investigators 397.0
Investigators 398.0,Investigators 398.0
Investigators 400.0,Investigators 400.0
Investigators 401.0,Investigators 401.0
Investigators 402.0,Investigators 402.0
Investigators 403.0,Investigators 403.0
Investigators 404.0,Investigators 404.0
Investigators 405.0,Investigators 405.0
Investigators 406.0,Investigators 406.0
Investigators 407.0,Investigators 407.0
Investigators 408.0,Investigators 408.0
Investigators 409.0,Investigators 409.0
Investigators 410.0,Investigators 410.0
Investigators 411.0,Investigators 411.0
Investigators 412.0,Investigators 412.0
Investigators 413.0,Investigators 413.0
Investigators 414.0,Investigators 414.0
Investigators 415.0,Investigators 415.0
Investigators 417.0,Investigators 417.0
Investigators 418.0,Investigators 418.0
Investigators 419.0,Investigators 419.0
Investigators 420.0,Investigators 420.0
Investigators 421.0,Investigators 421.0
Investigators 422.0,Investigators 422.0
Investigators 424.0,Investigators 424.0
Investigators 425.0,Investigators 425.0
Investigators 426.0,Investigators 426.0
Investigators 427.0,Investigators 427.0
Investigators 428.0,Investigators 428.0
Investigators 429.0,Investigators 429.0
Investigators 430.0,Investigators 430.0
Investigators 431.0,Investigators 431.0
Investigators 432.0,Investigators 432.0
Investigators 433.0,Investigators 433.0
Investigators 434.0,Investigators 434.0
Investigators 435.0,Investigators 435.0
Investigators 436.0,Investigators 436.0
Investigators 437.0,Investigators 437.0
Investigators 438.0,Investigators 438.0
Investigators 439.0,Investigators 439.0
Investigators 441.0,Investigators 441.0
Investigators 442.0,Investigators 442.0
Investigators 443.0,Investigators 443.0
Investigators 444.0,Investigators 444.0
Investigators 445.0,Investigators 445.0
Investigators 446.0,Investigators 446.0
Investigators 447.0,Investigators 447.0
Investigators 448.0,Investigators 448.0
Investigators 450.0,Investigators 450.0
Investigators 451.0,Investigators 451.0
Investigators 452.0,Investigators 452.0
Investigators 453.0,Investigators 453.0
Investigators 454.0,Investigators 454.0
Investigators 455.0,Investigators 455.0
Investigators 456.0,Investigators 456.0
Investigators 457.0,Investigators 457.0
Investigators 459.0,Investigators 459.0
Investigators 460.0,Investigators 460.0
Investigators 461.0,Investigators 461.0
Investigators 462.0,Investigators 462.0
Investigators 463.0,Investigators 463.0
Investigators 464.0,Investigators 464.0
Investigators 465.0,Investigators 465.0
Investigators 466.0,Investigators 466.0
Investigators 467.0,Investigators 467.0
Investigators 468.0,Investigators 468.0
Investigators 469.0,Investigators 469.0
Investigators 470.0,Investigators 470.0
Investigators 471.0,Investigators 471.0
Investigators 472.0,Investigators 472.0
Investigators 473.0,Investigators 473.0
Investigators 474.0,Investigators 474.0
Investigators 475.0,Investigators 475.0
Investigators 476.0,Investigators 476.0
Investigators 477.0,Investigators 477.0
Investigators 478.0,Investigators 478.0
Investigators 479.0,Investigators 479.0
Investigators 480.0,Investigators 480.0
Investigators 481.0,Investigators 481.0
Investigators 482.0,Investigators 482.0
Investigators 483.0,Investigators 483.0
Investigators 484.0,Investigators 484.0
Investigators 485.0,Investigators 485.0
Investigators 486.0,Investigators 486.0
Investigators 488.0,Investigators 488.0
Investigators 489.0,Investigators 489.0
Investigators 490.0,Investigators 490.0
Investigators 491.0,Investigators 491.0
Investigators 492.0,Investigators 492.0
Investigators 493.0,Investigators 493.0
Investigators 494.0,Investigators 494.0
Investigators 495.0,Investigators 495.0
Investigators 496.0,Investigators 496.0
Investigators 497.0,Investigators 497.0
Investigators 498.0,Investigators 498.0
Investigators 499.0,Investigators 499.0
Investigators 500.0,Investigators 500.0
Investigators 501.0,Investigators 501.0
Investigators 502.0,Investigators 502.0
Investigators 503.0,Investigators 503.0
Investigators 505.0,Investigators 505.0
Investigators 506.0,Investigators 506.0
Investigators 507.0,Investigators 507.0
Investigators 508.0,Investigators 508.0
Investigators 509.0,Investigators 509.0
Investigators 510.0,Investigators 510.0
Investigators 511.0,Investigators 511.0
Investigators 512.0,Investigators 512.0
Investigators 513.0,Investigators 513.0
Investigators 514.0,Investigators 514.0
Investigators 515.0,Investigators 515.0
Investigators 516.0,Investigators 516.0
Investigators 518.0,Investigators 518.0
Investigators 519.0,Investigators 519.0
Investigators 520.0,Investigators 520.0
Investigators 521.0,Investigators 521.0
Investigators 524.0,Investigators 524.0
Investigators 525.0,Investigators 525.0
Investigators 526.0,Investigators 526.0
Investigators 527.0,Investigators 527.0
Investigators 529.0,Investigators 529.0
Investigators 530.0,Investigators 530.0
Investigators 531.0,Investigators 531.0
Investigators 532.0,Investigators 532.0
Investigators 534.0,Investigators 534.0
Investigators 535.0,Investigators 535.0
Investigators 536.0,Investigators 536.0
Investigators 537.0,Investigators 537.0
Investigators 538.0,Investigators 538.0
Investigators 540.0,Investigators 540.0
Investigators 541.0,Investigators 541.0
Investigators 542.0,Investigators 542.0
Investigators 543.0,Investigators 543.0
Investigators 544.0,Investigators 544.0
Investigators 545.0,Investigators 545.0
Investigators 546.0,Investigators 546.0
Investigators 547.0,Investigators 547.0
Investigators 549.0,Investigators 549.0
Investigators 551.0,Investigators 551.0
Investigators 552.0,Investigators 552.0
Investigators 553.0,Investigators 553.0
Investigators 554.0,Investigators 554.0
Investigators 555.0,Investigators 555.0
Investigators 556.0,Investigators 556.0
Investigators 557.0,Investigators 557.0
Investigators 558.0,Investigators 558.0
Investigators 559.0,Investigators 559.0
Investigators 560.0,Investigators 560.0
Investigators 561.0,Investigators 561.0
Investigators 562.0,Investigators 562.0
Investigators 563.0,Investigators 563.0
Investigators 564.0,Investigators 564.0
Investigators 565.0,Investigators 565.0
Investigators 566.0,Investigators 566.0
Investigators 567.0,Investigators 567.0
Investigators 568.0,Investigators 568.0
Investigators 570.0,Investigators 570.0
Investigators 571.0,Investigators 571.0
Investigators 572.0,Investigators 572.0
Investigators 574.0,Investigators 574.0
Investigators 575.0,Investigators 575.0
Investigators 576.0,Investigators 576.0
Investigators 577.0,Investigators 577.0
Investigators 578.0,Investigators 578.0
Investigators 580.0,Investigators 580.0
Investigators 581.0,Investigators 581.0
Investigators 582.0,Investigators 582.0
Investigators 583.0,Investigators 583.0
Investigators 584.0,Investigators 584.0
Investigators 585.0,Investigators 585.0
Investigators 586.0,Investigators 586.0
Investigators 587.0,Investigators 587.0
Investigators 588.0,Investigators 588.0
Investigators 589.0,Investigators 589.0
Investigators 590.0,Investigators 590.0
Investigators 591.0,Investigators 591.0
Investigators 592.0,Investigators 592.0
Investigators 593.0,Investigators 593.0
Investigators 594.0,Investigators 594.0
Investigators 595.0,Investigators 595.0
Investigators 596.0,Investigators 596.0
Investigators 597.0,Investigators 597.0
Investigators 598.0,Investigators 598.0
Investigators 599.0,Investigators 599.0
Investigators 601.0,Investigators 601.0
Investigators 602.0,Investigators 602.0
Investigators 603.0,Investigators 603.0
Investigators 605.0,Investigators 605.0
Investigators 606.0,Investigators 606.0
Investigators 607.0,Investigators 607.0
Investigators 608.0,Investigators 608.0
Investigators 609.0,Investigators 609.0
Investigators 610.0,Investigators 610.0
Investigators 611.0,Investigators 611.0
Investigators 612.0,Investigators 612.0
Investigators 613.0,Investigators 613.0
Investigators 614.0,Investigators 614.0
Investigators 615.0,Investigators 615.0
Investigators 616.0,Investigators 616.0
Investigators 618.0,Investigators 618.0
Investigators 619.0,Investigators 619.0
Investigators 620.0,Investigators 620.0
Investigators 621.0,Investigators 621.0
Investigators 622.0,Investigators 622.0
Investigators 623.0,Investigators 623.0
Investigators 624.0,Investigators 624.0
Investigators 625.0,Investigators 625.0
Investigators 626.0,Investigators 626.0
Investigators 627.0,Investigators 627.0
Investigators 628.0,Investigators 628.0
Investigators 629.0,Investigators 629.0
Investigators 630.0,Investigators 630.0
Investigators 631.0,Investigators 631.0
Investigators 633.0,Investigators 633.0
Investigators 634.0,Investigators 634.0
Investigators 635.0,Investigators 635.0
Investigators 636.0,Investigators 636.0
Investigators 637.0,Investigators 637.0
Investigators 638.0,Investigators 638.0
Investigators 639.0,Investigators 639.0
Investigators 640.0,Investigators 640.0
Investigators 641.0,Investigators 641.0
Investigators 642.0,Investigators 642.0
Investigators 643.0,Investigators 643.0
Investigators 644.0,Investigators 644.0
Investigators 645.0,Investigators 645.0
Investigators 646.0,Investigators 646.0
Investigators 648.0,Investigators 648.0
Investigators 649.0,Investigators 649.0
Investigators 650.0,Investigators 650.0
Investigators 651.0,Investigators 651.0
Investigators 652.0,Investigators 652.0
Investigators 653.0,Investigators 653.0
Investigators 654.0,Investigators 654.0
Investigators 655.0,Investigators 655.0
Investigators 656.0,Investigators 656.0
Investigators 657.0,Investigators 657.0
Investigators 658.0,Investigators 658.0
Investigators 659.0,Investigators 659.0
Investigators 660.0,Investigators 660.0
Investigators 661.0,Investigators 661.0
Investigators 662.0,Investigators 662.0
Investigators 663.0,Investigators 663.0
Investigators 664.0,Investigators 664.0
Investigators 665.0,Investigators 665.0
Investigators 666.0,Investigators 666.0
Investigators 667.0,Investigators 667.0
Investigators 668.0,Investigators 668.0
Investigators 669.0,Investigators 669.0
Investigators 671.0,Investigators 671.0
Investigators 672.0,Investigators 672.0
Investigators 673.0,Investigators 673.0
Investigators 674.0,Investigators 674.0
Investigators 675.0,Investigators 675.0
Investigators 676.0,Investigators 676.0
Investigators 677.0,Investigators 677.0
Investigators 678.0,Investigators 678.0
Investigators 679.0,Investigators 679.0
Investigators 680.0,Investigators 680.0
Investigators 681.0,Investigators 681.0
Investigators 683.0,Investigators 683.0
Investigators 684.0,Investigators 684.0
Investigators 685.0,Investigators 685.0
Investigators 686.0,Investigators 686.0
Investigators 688.0,Investigators 688.0
Investigators 689.0,Investigators 689.0
Investigators 690.0,Investigators 690.0
Investigators 692.0,Investigators 692.0
Investigators 693.0,Investigators 693.0
Investigators 694.0,Investigators 694.0
Investigators 695.0,Investigators 695.0
Investigators 696.0,Investigators 696.0
Investigators 697.0,Investigators 697.0
Investigators 698.0,Investigators 698.0
Investigators 699.0,Investigators 699.0
Investigators 700.0,Investigators 700.0
Investigators 701.0,Investigators 701.0
Investigators 702.0,Investigators 702.0
Investigators 703.0,Investigators 703.0
Investigators 704.0,Investigators 704.0
Investigators 705.0,Investigators 705.0
Investigators 707.0,Investigators 707.0
Investigators 709.0,Investigators 709.0
Investigators 710.0,Investigators 710.0
Investigators 711.0,Investigators 711.0
Investigators 713.0,Investigators 713.0
Investigators 714.0,Investigators 714.0
Investigators 715.0,Investigators 715.0
Investigators 716.0,Investigators 716.0
Investigators 717.0,Investigators 717.0
Investigators 718.0,Investigators 718.0
Investigators 719.0,Investigators 719.0
Investigators 720.0,Investigators 720.0
Investigators 722.0,Investigators 722.0
Investigators 723.0,Investigators 723.0
Investigators 724.0,Investigators 724.0
Investigators 725.0,Investigators 725.0
Investigators 726.0,Investigators 726.0
Investigators 727.0,Investigators 727.0
Investigators 728.0,Investigators 728.0
Investigators 729.0,Investigators 729.0
Investigators 730.0,Investigators 730.0
Investigators 731.0,Investigators 731.0
Investigators 732.0,Investigators 732.0
Investigators 733.0,Investigators 733.0
Investigators 734.0,Investigators 734.0
Investigators 735.0,Investigators 735.0
Investigators 736.0,Investigators 736.0
Investigators 737.0,Investigators 737.0
Investigators 738.0,Investigators 738.0
Investigators 739.0,Investigators 739.0
Investigators 740.0,Investigators 740.0
Investigators 741.0,Investigators 741.0
Investigators 742.0,Investigators 742.0
Investigators 743.0,Investigators 743.0
Investigators 744.0,Investigators 744.0
Investigators 745.0,Investigators 745.0
Investigators 746.0,Investigators 746.0
Investigators 747.0,Investigators 747.0
Investigators 748.0,Investigators 748.0
Investigators 749.0,Investigators 749.0
Investigators 750.0,Investigators 750.0
Investigators 751.0,Investigators 751.0
Investigators 752.0,Investigators 752.0
Investigators 753.0,Investigators 753.0
Investigators 754.0,Investigators 754.0
Investigators 755.0,Investigators 755.0
Investigators 756.0,Investigators 756.0
Investigators 757.0,Investigators 757.0
Investigators 758.0,Investigators 758.0
Investigators 759.0,Investigators 759.0
Investigators 760.0,Investigators 760.0
Investigators 761.0,Investigators 761.0
Investigators 763.0,Investigators 763.0
Investigators 764.0,Investigators 764.0
Investigators 765.0,Investigators 765.0
Investigators 766.0,Investigators 766.0
Investigators 767.0,Investigators 767.0
Investigators 768.0,Investigators 768.0
Investigators 769.0,Investigators 769.0
Investigators 770.0,Investigators 770.0
Investigators 771.0,Investigators 771.0
Investigators 772.0,Investigators 772.0
Investigators 773.0,Investigators 773.0
Investigators 775.0,Investigators 775.0
Investigators 776.0,Investigators 776.0
Investigators 777.0,Investigators 777.0
Investigators 778.0,Investigators 778.0
Investigators 779.0,Investigators 779.0
Investigators 780.0,Investigators 780.0
Investigators 781.0,Investigators 781.0
Investigators 782.0,Investigators 782.0
Investigators 783.0,Investigators 783.0
Investigators 784.0,Investigators 784.0
Investigators 785.0,Investigators 785.0
Investigators 786.0,Investigators 786.0
Investigators 787.0,Investigators 787.0
Investigators 790.0,Investigators 790.0
Investigators 791.0,Investigators 791.0
Investigators 792.0,Investigators 792.0
Investigators 793.0,Investigators 793.0
Investigators 794.0,Investigators 794.0
Investigators 795.0,Investigators 795.0
Investigators 796.0,Investigators 796.0
Investigators 797.0,Investigators 797.0
Investigators 798.0,Investigators 798.0
Investigators 800.0,Investigators 800.0
Investigators 801.0,Investigators 801.0
Investigators 802.0,Investigators 802.0
Investigators 803.0,Investigators 803.0
Investigators 804.0,Investigators 804.0
Investigators 805.0,Investigators 805.0
Investigators 806.0,Investigators 806.0
Investigators 807.0,Investigators 807.0
Investigators 808.0,Investigators 808.0
Investigators 809.0,Investigators 809.0
Investigators 811.0,Investigators 811.0
Investigators 812.0,Investigators 812.0
Investigators 813.0,Investigators 813.0
Investigators 814.0,Investigators 814.0
Investigators 815.0,Investigators 815.0
Investigators 816.0,Investigators 816.0
Investigators 817.0,Investigators 817.0
Investigators 818.0,Investigators 818.0
Investigators 819.0,Investigators 819.0
Investigators 821.0,Investigators 821.0
Investigators 822.0,Investigators 822.0
Investigators 823.0,Investigators 823.0
Investigators 825.0,Investigators 825.0
Investigators 826.0,Investigators 826.0
Investigators 827.0,Investigators 827.0
Investigators 829.0,Investigators 829.0
Investigators 830.0,Investigators 830.0
Investigators 831.0,Investigators 831.0
Investigators 832.0,Investigators 832.0
Investigators 833.0,Investigators 833.0
Investigators 834.0,Investigators 834.0
Investigators 835.0,Investigators 835.0
Investigators 836.0,Investigators 836.0
Investigators 837.0,Investigators 837.0
Investigators 838.0,Investigators 838.0
Investigators 839.0,Investigators 839.0
Investigators 840.0,Investigators 840.0
Investigators 841.0,Investigators 841.0
Investigators 842.0,Investigators 842.0
Investigators 843.0,Investigators 843.0
Investigators 844.0,Investigators 844.0
Investigators 845.0,Investigators 845.0
Investigators 846.0,Investigators 846.0
Investigators 847.0,Investigators 847.0
Investigators 848.0,Investigators 848.0
Investigators 849.0,Investigators 849.0
Investigators 850.0,Investigators 850.0
Investigators 851.0,Investigators 851.0
Investigators 852.0,Investigators 852.0
Investigators 853.0,Investigators 853.0
Investigators 854.0,Investigators 854.0
Investigators 855.0,Investigators 855.0
Investigators 856.0,Investigators 856.0
Investigators 857.0,Investigators 857.0
Investigators 858.0,Investigators 858.0
Investigators 860.0,Investigators 860.0
Investigators 861.0,Investigators 861.0
Investigators 862.0,Investigators 862.0
Investigators 863.0,Investigators 863.0
Investigators 864.0,Investigators 864.0
Investigators 865.0,Investigators 865.0
Investigators 866.0,Investigators 866.0
Investigators 867.0,Investigators 867.0
Investigators 868.0,Investigators 868.0
Investigators 869.0,Investigators 869.0
Investigators 870.0,Investigators 870.0
Investigators 871.0,Investigators 871.0
Investigators 872.0,Investigators 872.0
Investigators 873.0,Investigators 873.0
Investigators 874.0,Investigators 874.0
Investigators 875.0,Investigators 875.0
Investigators 876.0,Investigators 876.0
Investigators 877.0,Investigators 877.0
Investigators 878.0,Investigators 878.0
Investigators 879.0,Investigators 879.0
Investigators 880.0,Investigators 880.0
Investigators 881.0,Investigators 881.0
Investigators 883.0,Investigators 883.0
Investigators 884.0,Investigators 884.0
Investigators 885.0,Investigators 885.0
Investigators 886.0,Investigators 886.0
Investigators 888.0,Investigators 888.0
Investigators 889.0,Investigators 889.0
Investigators 891.0,Investigators 891.0
Investigators 892.0,Investigators 892.0
Investigators 893.0,Investigators 893.0
Investigators 894.0,Investigators 894.0
Investigators 895.0,Investigators 895.0
Investigators 896.0,Investigators 896.0
Investigators 897.0,Investigators 897.0
Investigators 898.0,Investigators 898.0
Investigators 899.0,Investigators 899.0
Investigators 900.0,Investigators 900.0
Investigators 902.0,Investigators 902.0
Investigators 903.0,Investigators 903.0
Investigators 904.0,Investigators 904.0
Investigators 905.0,Investigators 905.0
Investigators 906.0,Investigators 906.0
Investigators 908.0,Investigators 908.0
Investigators 909.0,Investigators 909.0
Investigators 910.0,Investigators 910.0
Investigators 911.0,Investigators 911.0
Investigators 912.0,Investigators 912.0
Investigators 913.0,Investigators 913.0
Investigators 914.0,Investigators 914.0
Investigators 915.0,Investigators 915.0
Investigators 916.0,Investigators 916.0
Investigators 917.0,Investigators 917.0
Investigators 918.0,Investigators 918.0
Investigators 919.0,Investigators 919.0
Investigators 920.0,Investigators 920.0
Investigators 921.0,Investigators 921.0
Investigators 922.0,Investigators 922.0
Investigators 923.0,Investigators 923.0
Investigators 924.0,Investigators 924.0
Investigators 926.0,Investigators 926.0
Investigators 927.0,Investigators 927.0
Investigators 928.0,Investigators 928.0
Investigators 929.0,Investigators 929.0
Investigators 930.0,Investigators 930.0
Investigators 931.0,Investigators 931.0
Investigators 932.0,Investigators 932.0
Investigators 933.0,Investigators 933.0
Investigators 934.0,Investigators 934.0
Investigators 935.0,Investigators 935.0
Investigators 936.0,Investigators 936.0
Investigators 937.0,Investigators 937.0
Investigators 938.0,Investigators 938.0
Investigators 939.0,Investigators 939.0
Investigators 940.0,Investigators 940.0
Investigators 942.0,Investigators 942.0
Investigators 943.0,Investigators 943.0
Investigators 944.0,Investigators 944.0
Investigators 945.0,Investigators 945.0
Investigators 946.0,Investigators 946.0
Investigators 947.0,Investigators 947.0
Investigators 948.0,Investigators 948.0
Investigators 949.0,Investigators 949.0
Investigators 950.0,Investigators 950.0
Investigators 951.0,Investigators 951.0
Investigators 952.0,Investigators 952.0
Investigators 953.0,Investigators 953.0
Investigators 954.0,Investigators 954.0
Investigators 955.0,Investigators 955.0
Investigators 956.0,Investigators 956.0
Investigators 957.0,Investigators 957.0
Investigators 958.0,Investigators 958.0
Investigators 959.0,Investigators 959.0
Investigators 960.0,Investigators 960.0
Investigators 961.0,Investigators 961.0
Investigators 962.0,Investigators 962.0
Investigators 963.0,Investigators 963.0
Investigators 964.0,Investigators 964.0
Investigators 965.0,Investigators 965.0
Investigators 966.0,Investigators 966.0
Investigators 967.0,Investigators 967.0
Investigators 969.0,Investigators 969.0
Investigators 970.0,Investigators 970.0
Investigators 971.0,Investigators 971.0
Investigators 973.0,Investigators 973.0
Investigators 974.0,Investigators 974.0
Investigators 975.0,Investigators 975.0
Investigators 977.0,Investigators 977.0
Investigators 978.0,Investigators 978.0
Investigators 979.0,Investigators 979.0
Investigators 981.0,Investigators 981.0
Investigators 982.0,Investigators 982.0
Investigators 983.0,Investigators 983.0
Investigators 984.0,Investigators 984.0
Investigators 985.0,Investigators 985.0
Investigators 986.0,Investigators 986.0
Investigators 987.0,Investigators 987.0
Investigators 988.0,Investigators 988.0
Investigators 989.0,Investigators 989.0
Investigators 990.0,Investigators 990.0
Investigators 992.0,Investigators 992.0
Investigators 993.0,Investigators 993.0
Investigators 994.0,Investigators 994.0
Investigators 995.0,Investigators 995.0
Investigators 996.0,Investigators 996.0
Investigators 997.0,Investigators 997.0
Investigators 998.0,Investigators 998.0
Investigators 999.0,Investigators 999.0
Investigators 1000.0,Investigators 1000.0
Investigators 1001.0,Investigators 1001.0
Investigators 1002.0,Investigators 1002.0
Investigators 1003.0,Investigators 1003.0
Investigators 1004.0,Investigators 1004.0
Investigators 1005.0,Investigators 1005.0
Investigators 1006.0,Investigators 1006.0
Investigators 1007.0,Investigators 1007.0
Investigators 1008.0,Investigators 1008.0
Investigators 1009.0,Investigators 1009.0
Investigators 1010.0,Investigators 1010.0
Investigators 1012.0,Investigators 1012.0
Investigators 1014.0,Investigators 1014.0
Investigators 1015.0,Investigators 1015.0
Investigators 1016.0,Investigators 1016.0
Investigators 1018.0,Investigators 1018.0
Investigators 1019.0,Investigators 1019.0
Investigators 1020.0,Investigators 1020.0
Investigators 1021.0,Investigators 1021.0
Investigators 1022.0,Investigators 1022.0
Investigators 1023.0,Investigators 1023.0
Investigators 1024.0,Investigators 1024.0
Investigators 1026.0,Investigators 1026.0
Investigators 1027.0,Investigators 1027.0
Investigators 1028.0,Investigators 1028.0
Investigators 1029.0,Investigators 1029.0
Investigators 1030.0,Investigators 1030.0
Investigators 1031.0,Investigators 1031.0
Investigators 1032.0,Investigators 1032.0
Investigators 1033.0,Investigators 1033.0
Investigators 1034.0,Investigators 1034.0
Investigators 1035.0,Investigators 1035.0
Investigators 1036.0,Investigators 1036.0
Investigators 1037.0,Investigators 1037.0
Investigators 1038.0,Investigators 1038.0
Investigators 1039.0,Investigators 1039.0
Investigators 1040.0,Investigators 1040.0
Investigators 1041.0,Investigators 1041.0
Investigators 1042.0,Investigators 1042.0
Investigators 1043.0,Investigators 1043.0
Investigators 1044.0,Investigators 1044.0
Investigators 1045.0,Investigators 1045.0
Investigators 1046.0,Investigators 1046.0
Investigators 1047.0,Investigators 1047.0
Investigators 1048.0,Investigators 1048.0
Investigators 1050.0,Investigators 1050.0
Investigators 1051.0,Investigators 1051.0
Investigators 1052.0,Investigators 1052.0
Investigators 1053.0,Investigators 1053.0
Investigators 1054.0,Investigators 1054.0
Investigators 1055.0,Investigators 1055.0
Investigators 1056.0,Investigators 1056.0
Investigators 1057.0,Investigators 1057.0
Investigators 1058.0,Investigators 1058.0
Investigators 1059.0,Investigators 1059.0
Investigators 1060.0,Investigators 1060.0
Investigators 1061.0,Investigators 1061.0
Investigators 1062.0,Investigators 1062.0
Investigators 1063.0,Investigators 1063.0
Investigators 1064.0,Investigators 1064.0
Investigators 1066.0,Investigators 1066.0
Investigators 1067.0,Investigators 1067.0
Investigators 1068.0,Investigators 1068.0
Investigators 1070.0,Investigators 1070.0
Investigators 1072.0,Investigators 1072.0
Investigators 1073.0,Investigators 1073.0
Investigators 1074.0,Investigators 1074.0
Investigators 1075.0,Investigators 1075.0
Investigators 1076.0,Investigators 1076.0
Investigators 1077.0,Investigators 1077.0
Investigators 1078.0,Investigators 1078.0
Investigators 1079.0,Investigators 1079.0
Investigators 1080.0,Investigators 1080.0
Investigators 1081.0,Investigators 1081.0
Investigators 1082.0,Investigators 1082.0
Investigators 1083.0,Investigators 1083.0
Investigators 1084.0,Investigators 1084.0
Investigators 1085.0,Investigators 1085.0
Investigators 1086.0,Investigators 1086.0
Investigators 1087.0,Investigators 1087.0
Investigators 1088.0,Investigators 1088.0
Investigators 1089.0,Investigators 1089.0
Investigators 1090.0,Investigators 1090.0
Investigators 1091.0,Investigators 1091.0
Investigators 1092.0,Investigators 1092.0
Investigators 1093.0,Investigators 1093.0
Investigators 1094.0,Investigators 1094.0
Investigators 1095.0,Investigators 1095.0
Investigators 1096.0,Investigators 1096.0
Investigators 1098.0,Investigators 1098.0
Investigators 1099.0,Investigators 1099.0
Investigators 1100.0,Investigators 1100.0
Investigators 1101.0,Investigators 1101.0
Investigators 1102.0,Investigators 1102.0
Investigators 1103.0,Investigators 1103.0
Investigators 1105.0,Investigators 1105.0
Investigators 1106.0,Investigators 1106.0
Investigators 1107.0,Investigators 1107.0
Investigators 1109.0,Investigators 1109.0
Investigators 1110.0,Investigators 1110.0
Investigators 1112.0,Investigators 1112.0
Investigators 1113.0,Investigators 1113.0
Investigators 1114.0,Investigators 1114.0
Investigators 1115.0,Investigators 1115.0
Investigators 1116.0,Investigators 1116.0
Investigators 1117.0,Investigators 1117.0
Investigators 1118.0,Investigators 1118.0
Investigators 1119.0,Investigators 1119.0
Investigators 1120.0,Investigators 1120.0
Investigators 1121.0,Investigators 1121.0
Investigators 1122.0,Investigators 1122.0
Investigators 1123.0,Investigators 1123.0
Investigators 1124.0,Investigators 1124.0
Investigators 1125.0,Investigators 1125.0
Investigators 1126.0,Investigators 1126.0
Investigators 1127.0,Investigators 1127.0
Investigators 1130.0,Investigators 1130.0
Investigators 1131.0,Investigators 1131.0
Investigators 1132.0,Investigators 1132.0
Investigators 1133.0,Investigators 1133.0
Investigators 1134.0,Investigators 1134.0
Investigators 1135.0,Investigators 1135.0
Investigators 1136.0,Investigators 1136.0
Investigators 1137.0,Investigators 1137.0
Investigators 1138.0,Investigators 1138.0
Investigators 1139.0,Investigators 1139.0
Investigators 1140.0,Investigators 1140.0
Investigators 1141.0,Investigators 1141.0
Investigators 1144.0,Investigators 1144.0
Investigators 1145.0,Investigators 1145.0
Investigators 1146.0,Investigators 1146.0
Investigators 1147.0,Investigators 1147.0
Investigators 1148.0,Investigators 1148.0
Investigators 1149.0,Investigators 1149.0
Investigators 1150.0,Investigators 1150.0
Investigators 1151.0,Investigators 1151.0
Investigators 1152.0,Investigators 1152.0
Investigators 1153.0,Investigators 1153.0
Investigators 1154.0,Investigators 1154.0
Investigators 1156.0,Investigators 1156.0
Investigators 1157.0,Investigators 1157.0
Investigators 1158.0,Investigators 1158.0
Investigators 1159.0,Investigators 1159.0
Investigators 1160.0,Investigators 1160.0
Investigators 1161.0,Investigators 1161.0
Investigators 1162.0,Investigators 1162.0
Investigators 1163.0,Investigators 1163.0
Investigators 1164.0,Investigators 1164.0
Investigators 1166.0,Investigators 1166.0
Investigators 1167.0,Investigators 1167.0
Investigators 1168.0,Investigators 1168.0
Investigators 1169.0,Investigators 1169.0
Investigators 1170.0,Investigators 1170.0
Investigators 1171.0,Investigators 1171.0
Investigators 1172.0,Investigators 1172.0
Investigators 1173.0,Investigators 1173.0
Investigators 1174.0,Investigators 1174.0
Investigators 1175.0,Investigators 1175.0
Investigators 1176.0,Investigators 1176.0
Investigators 1177.0,Investigators 1177.0
Investigators 1178.0,Investigators 1178.0
Investigators 1179.0,Investigators 1179.0
Investigators 1180.0,Investigators 1180.0
Investigators 1181.0,Investigators 1181.0
Investigators 1182.0,Investigators 1182.0
Investigators 1183.0,Investigators 1183.0
Investigators 1184.0,Investigators 1184.0
Investigators 1185.0,Investigators 1185.0
Investigators 1186.0,Investigators 1186.0
Investigators 1187.0,Investigators 1187.0
Investigators 1188.0,Investigators 1188.0
Investigators 1189.0,Investigators 1189.0
Investigators 1190.0,Investigators 1190.0
Investigators 1191.0,Investigators 1191.0
Investigators 1192.0,Investigators 1192.0
Investigators 1193.0,Investigators 1193.0
Investigators 1194.0,Investigators 1194.0
Investigators 1195.0,Investigators 1195.0
Investigators 1197.0,Investigators 1197.0
Investigators 1198.0,Investigators 1198.0
Investigators 1199.0,Investigators 1199.0
Investigators 1200.0,Investigators 1200.0
Investigators 1201.0,Investigators 1201.0
Investigators 1202.0,Investigators 1202.0
Investigators 1203.0,Investigators 1203.0
Investigators 1205.0,Investigators 1205.0
Investigators 1206.0,Investigators 1206.0
Investigators 1207.0,Investigators 1207.0
Investigators 1208.0,Investigators 1208.0
Investigators 1209.0,Investigators 1209.0
Investigators 1211.0,Investigators 1211.0
Investigators 1212.0,Investigators 1212.0
Investigators 1213.0,Investigators 1213.0
Investigators 1214.0,Investigators 1214.0
Investigators 1215.0,Investigators 1215.0
Investigators 1216.0,Investigators 1216.0
Investigators 1217.0,Investigators 1217.0
Investigators 1218.0,Investigators 1218.0
Investigators 1219.0,Investigators 1219.0
Investigators 1220.0,Investigators 1220.0
Investigators 1221.0,Investigators 1221.0
Investigators 1223.0,Investigators 1223.0
Investigators 1224.0,Investigators 1224.0
Investigators 1225.0,Investigators 1225.0
Investigators 1226.0,Investigators 1226.0
Investigators 1227.0,Investigators 1227.0
Investigators 1228.0,Investigators 1228.0
Investigators 1229.0,Investigators 1229.0
Investigators 1230.0,Investigators 1230.0
Investigators 1231.0,Investigators 1231.0
Investigators 1232.0,Investigators 1232.0
Investigators 1233.0,Investigators 1233.0
Investigators 1235.0,Investigators 1235.0
Investigators 1236.0,Investigators 1236.0
Investigators 1237.0,Investigators 1237.0
Investigators 1238.0,Investigators 1238.0
Investigators 1240.0,Investigators 1240.0
Investigators 1241.0,Investigators 1241.0
Investigators 1242.0,Investigators 1242.0
Investigators 1243.0,Investigators 1243.0
Investigators 1244.0,Investigators 1244.0
Investigators 1245.0,Investigators 1245.0
Investigators 1246.0,Investigators 1246.0
Investigators 1249.0,Investigators 1249.0
Investigators 1250.0,Investigators 1250.0
Investigators 1251.0,Investigators 1251.0
Investigators 1252.0,Investigators 1252.0
Investigators 1253.0,Investigators 1253.0
Investigators 1254.0,Investigators 1254.0
Investigators 1255.0,Investigators 1255.0
Investigators 1256.0,Investigators 1256.0
Investigators 1257.0,Investigators 1257.0
Investigators 1258.0,Investigators 1258.0
Investigators 1259.0,Investigators 1259.0
Investigators 1260.0,Investigators 1260.0
Investigators 1261.0,Investigators 1261.0
Investigators 1262.0,Investigators 1262.0
Investigators 1263.0,Investigators 1263.0
Investigators 1264.0,Investigators 1264.0
Investigators 1265.0,Investigators 1265.0
Investigators 1266.0,Investigators 1266.0
Investigators 1267.0,Investigators 1267.0
Investigators 1268.0,Investigators 1268.0
Investigators 1270.0,Investigators 1270.0
Investigators 1271.0,Investigators 1271.0
Investigators 1272.0,Investigators 1272.0
Investigators 1273.0,Investigators 1273.0
Investigators 1274.0,Investigators 1274.0
Investigators 1276.0,Investigators 1276.0
Investigators 1277.0,Investigators 1277.0
Investigators 1278.0,Investigators 1278.0
Investigators 1279.0,Investigators 1279.0
Investigators 1280.0,Investigators 1280.0
Investigators 1281.0,Investigators 1281.0
Investigators 1282.0,Investigators 1282.0
Investigators 1283.0,Investigators 1283.0
Investigators 1284.0,Investigators 1284.0
Investigators 1285.0,Investigators 1285.0
Investigators 1286.0,Investigators 1286.0
Investigators 1287.0,Investigators 1287.0
Investigators 1289.0,Investigators 1289.0
Investigators 1291.0,Investigators 1291.0
Investigators 1292.0,Investigators 1292.0
Investigators 1293.0,Investigators 1293.0
Investigators 1294.0,Investigators 1294.0
Investigators 1295.0,Investigators 1295.0
Investigators 1296.0,Investigators 1296.0
Investigators 1297.0,Investigators 1297.0
Investigators 1298.0,Investigators 1298.0
Investigators 1299.0,Investigators 1299.0
Investigators 1300.0,Investigators 1300.0
Investigators 1301.0,Investigators 1301.0
Investigators 1302.0,Investigators 1302.0
Investigators 1303.0,Investigators 1303.0
Investigators 1304.0,Investigators 1304.0
Investigators 1305.0,Investigators 1305.0
Investigators 1306.0,Investigators 1306.0
Investigators 1307.0,Investigators 1307.0
Investigators 1308.0,Investigators 1308.0
Investigators 1309.0,Investigators 1309.0
Investigators 1310.0,Investigators 1310.0
Investigators 1311.0,Investigators 1311.0
Investigators 1312.0,Investigators 1312.0
Investigators 1313.0,Investigators 1313.0
Investigators 1315.0,Investigators 1315.0
Investigators 1316.0,Investigators 1316.0
Investigators 1317.0,Investigators 1317.0
Investigators 1320.0,Investigators 1320.0
Investigators 1321.0,Investigators 1321.0
Investigators 1323.0,Investigators 1323.0
Investigators 1324.0,Investigators 1324.0
Investigators 1325.0,Investigators 1325.0
Investigators 1326.0,Investigators 1326.0
Investigators 1327.0,Investigators 1327.0
Investigators 1328.0,Investigators 1328.0
Investigators 1329.0,Investigators 1329.0
Investigators 1330.0,Investigators 1330.0
Investigators 1331.0,Investigators 1331.0
Investigators 1332.0,Investigators 1332.0
Investigators 1333.0,Investigators 1333.0
Investigators 1334.0,Investigators 1334.0
Investigators 1335.0,Investigators 1335.0
Investigators 1336.0,Investigators 1336.0
Investigators 1337.0,Investigators 1337.0
Investigators 1338.0,Investigators 1338.0
Investigators 1339.0,Investigators 1339.0
Investigators 1340.0,Investigators 1340.0
Investigators 1341.0,Investigators 1341.0
Investigators 1342.0,Investigators 1342.0
Investigators 1343.0,Investigators 1343.0
Investigators 1344.0,Investigators 1344.0
Investigators 1345.0,Investigators 1345.0
Investigators 1346.0,Investigators 1346.0
Investigators 1347.0,Investigators 1347.0
Investigators 1348.0,Investigators 1348.0
Investigators 1349.0,Investigators 1349.0
Investigators 1350.0,Investigators 1350.0
Investigators 1351.0,Investigators 1351.0
Investigators 1352.0,Investigators 1352.0
Investigators 1353.0,Investigators 1353.0
Investigators 1354.0,Investigators 1354.0
Investigators 1355.0,Investigators 1355.0
Investigators 1358.0,Investigators 1358.0
Investigators 1359.0,Investigators 1359.0
Investigators 1360.0,Investigators 1360.0
Investigators 1361.0,Investigators 1361.0
Investigators 1363.0,Investigators 1363.0
Investigators 1364.0,Investigators 1364.0
Investigators 1365.0,Investigators 1365.0
Investigators 1366.0,Investigators 1366.0
Investigators 1367.0,Investigators 1367.0
Investigators 1368.0,Investigators 1368.0
Investigators 1369.0,Investigators 1369.0
Investigators 1370.0,Investigators 1370.0
Investigators 1372.0,Investigators 1372.0
Investigators 1373.0,Investigators 1373.0
Investigators 1374.0,Investigators 1374.0
Investigators 1375.0,Investigators 1375.0
Investigators 1376.0,Investigators 1376.0
Investigators 1377.0,Investigators 1377.0
Investigators 1378.0,Investigators 1378.0
Investigators 1379.0,Investigators 1379.0
Investigators 1380.0,Investigators 1380.0
Investigators 1381.0,Investigators 1381.0
Investigators 1382.0,Investigators 1382.0
Investigators 1383.0,Investigators 1383.0
Investigators 1384.0,Investigators 1384.0
Investigators 1385.0,Investigators 1385.0
Investigators 1386.0,Investigators 1386.0
Investigators 1388.0,Investigators 1388.0
Investigators 1389.0,Investigators 1389.0
Investigators 1391.0,Investigators 1391.0
Investigators 1393.0,Investigators 1393.0
Investigators 1394.0,Investigators 1394.0
Investigators 1395.0,Investigators 1395.0
Investigators 1396.0,Investigators 1396.0
Investigators 1397.0,Investigators 1397.0
Investigators 1398.0,Investigators 1398.0
Investigators 1400.0,Investigators 1400.0
Investigators 1401.0,Investigators 1401.0
Investigators 1402.0,Investigators 1402.0
Investigators 1403.0,Investigators 1403.0
Investigators 1404.0,Investigators 1404.0
Investigators 1405.0,Investigators 1405.0
Investigators 1406.0,Investigators 1406.0
Investigators 1407.0,Investigators 1407.0
Investigators 1408.0,Investigators 1408.0
Investigators 1409.0,Investigators 1409.0
Investigators 1410.0,Investigators 1410.0
Investigators 1411.0,Investigators 1411.0
Investigators 1412.0,Investigators 1412.0
Investigators 1413.0,Investigators 1413.0
Investigators 1414.0,Investigators 1414.0
Investigators 1416.0,Investigators 1416.0
Investigators 1417.0,Investigators 1417.0
Investigators 1418.0,Investigators 1418.0
Investigators 1419.0,Investigators 1419.0
Investigators 1421.0,Investigators 1421.0
Investigators 1422.0,Investigators 1422.0
Investigators 1423.0,Investigators 1423.0
Investigators 1424.0,Investigators 1424.0
Investigators 1425.0,Investigators 1425.0
Investigators 1426.0,Investigators 1426.0
Investigators 1427.0,Investigators 1427.0
Investigators 1428.0,Investigators 1428.0
Investigators 1429.0,Investigators 1429.0
Investigators 1430.0,Investigators 1430.0
Investigators 1431.0,Investigators 1431.0
Investigators 1432.0,Investigators 1432.0
Investigators 1433.0,Investigators 1433.0
Investigators 1435.0,Investigators 1435.0
Investigators 1436.0,Investigators 1436.0
Investigators 1437.0,Investigators 1437.0
Investigators 1438.0,Investigators 1438.0
Investigators 1439.0,Investigators 1439.0
Investigators 1440.0,Investigators 1440.0
Investigators 1441.0,Investigators 1441.0
Investigators 1442.0,Investigators 1442.0
Investigators 1443.0,Investigators 1443.0
Investigators 1444.0,Investigators 1444.0
Investigators 1445.0,Investigators 1445.0
Investigators 1446.0,Investigators 1446.0
Investigators 1447.0,Investigators 1447.0
Investigators 1448.0,Investigators 1448.0
Investigators 1449.0,Investigators 1449.0
Investigators 1450.0,Investigators 1450.0
Investigators 1451.0,Investigators 1451.0
Investigators 1452.0,Investigators 1452.0
Investigators 1453.0,Investigators 1453.0
Investigators 1454.0,Investigators 1454.0
Investigators 1455.0,Investigators 1455.0
Investigators 1456.0,Investigators 1456.0
Investigators 1457.0,Investigators 1457.0
Investigators 1458.0,Investigators 1458.0
Investigators 1459.0,Investigators 1459.0
Investigators 1460.0,Investigators 1460.0
Investigators 1461.0,Investigators 1461.0
Investigators 1462.0,Investigators 1462.0
Investigators 1463.0,Investigators 1463.0
Investigators 1464.0,Investigators 1464.0
Investigators 1465.0,Investigators 1465.0
Investigators 1466.0,Investigators 1466.0
Investigators 1467.0,Investigators 1467.0
Investigators 1468.0,Investigators 1468.0
Investigators 1469.0,Investigators 1469.0
Investigators 1470.0,Investigators 1470.0
Investigators 1471.0,Investigators 1471.0
Investigators 1472.0,Investigators 1472.0
Investigators 1473.0,Investigators 1473.0
Investigators 1474.0,Investigators 1474.0
Investigators 1475.0,Investigators 1475.0
Investigators 1476.0,Investigators 1476.0
Investigators 1477.0,Investigators 1477.0
Investigators 1478.0,Investigators 1478.0
Investigators 1479.0,Investigators 1479.0
Investigators 1480.0,Investigators 1480.0
Investigators 1481.0,Investigators 1481.0
Investigators 1482.0,Investigators 1482.0
Investigators 1483.0,Investigators 1483.0
Investigators 1484.0,Investigators 1484.0
Investigators 1485.0,Investigators 1485.0
Investigators 1487.0,Investigators 1487.0
Investigators 1490.0,Investigators 1490.0
Investigators 1491.0,Investigators 1491.0
Investigators 1492.0,Investigators 1492.0
Investigators 1493.0,Investigators 1493.0
Investigators 1494.0,Investigators 1494.0
Investigators 1495.0,Investigators 1495.0
Investigators 1496.0,Investigators 1496.0
Investigators 1497.0,Investigators 1497.0
Investigators 1498.0,Investigators 1498.0
Investigators 1499.0,Investigators 1499.0
Investigators 1500.0,Investigators 1500.0
Investigators 1501.0,Investigators 1501.0
Investigators 1503.0,Investigators 1503.0
Investigators 1504.0,Investigators 1504.0
Investigators 1505.0,Investigators 1505.0
Investigators 1506.0,Investigators 1506.0
Investigators 1507.0,Investigators 1507.0
Investigators 1508.0,Investigators 1508.0
Investigators 1509.0,Investigators 1509.0
Investigators nan,Investigators nan
Beat 111.0,Beat 111.0
Beat 112.0,Beat 112.0
Beat 113.0,Beat 113.0
Beat 114.0,Beat 114.0
Beat 121.0,Beat 121.0
Beat 122.0,Beat 122.0
Beat 123.0,Beat 123.0
Beat 124.0,Beat 124.0
Beat 131.0,Beat 131.0
Beat 132.0,Beat 132.0
Beat 133.0,Beat 133.0
Beat 134.0,Beat 134.0
Beat 211.0,Beat 211.0
Beat 212.0,Beat 212.0
Beat 213.0,Beat 213.0
Beat 214.0,Beat 214.0
Beat 215.0,Beat 215.0
Beat 221.0,Beat 221.0
Beat 222.0,Beat 222.0
Beat 223.0,Beat 223.0
Beat 224.0,Beat 224.0
Beat 225.0,Beat 225.0
Beat 231.0,Beat 231.0
Beat 232.0,Beat 232.0
Beat 233.0,Beat 233.0
Beat 234.0,Beat 234.0
Beat 235.0,Beat 235.0
Beat 311.0,Beat 311.0
Beat 312.0,Beat 312.0
Beat 313.0,Beat 313.0
Beat 314.0,Beat 314.0
Beat 321.0,Beat 321.0
Beat 322.0,Beat 322.0
Beat 323.0,Beat 323.0
Beat 324.0,Beat 324.0
Beat 331.0,Beat 331.0
Beat 332.0,Beat 332.0
Beat 333.0,Beat 333.0
Beat 334.0,Beat 334.0
Beat 411.0,Beat 411.0
Beat 412.0,Beat 412.0
Beat 413.0,Beat 413.0
Beat 414.0,Beat 414.0
Beat 421.0,Beat 421.0
Beat 422.0,Beat 422.0
Beat 423.0,Beat 423.0
Beat 424.0,Beat 424.0
Beat 431.0,Beat 431.0
Beat 432.0,Beat 432.0
Beat 433.0,Beat 433.0
Beat 434.0,Beat 434.0
Beat 511.0,Beat 511.0
Beat 512.0,Beat 512.0
Beat 513.0,Beat 513.0
Beat 522.0,Beat 522.0
Beat 523.0,Beat 523.0
Beat 524.0,Beat 524.0
Beat 531.0,Beat 531.0
Beat 532.0,Beat 532.0
Beat 533.0,Beat 533.0
Beat 611.0,Beat 611.0
Beat 612.0,Beat 612.0
Beat 613.0,Beat 613.0
Beat 614.0,Beat 614.0
Beat 621.0,Beat 621.0
Beat 622.0,Beat 622.0
Beat 623.0,Beat 623.0
Beat 624.0,Beat 624.0
Beat 631.0,Beat 631.0
Beat 632.0,Beat 632.0
Beat 633.0,Beat 633.0
Beat 634.0,Beat 634.0
Beat 711.0,Beat 711.0
Beat 712.0,Beat 712.0
Beat 713.0,Beat 713.0
Beat 714.0,Beat 714.0
Beat 715.0,Beat 715.0
Beat 722.0,Beat 722.0
Beat 723.0,Beat 723.0
Beat 724.0,Beat 724.0
Beat 725.0,Beat 725.0
Beat 726.0,Beat 726.0
Beat 731.0,Beat 731.0
Beat 732.0,Beat 732.0
Beat 733.0,Beat 733.0
Beat 734.0,Beat 734.0
Beat 735.0,Beat 735.0
Beat 811.0,Beat 811.0
Beat 812.0,Beat 812.0
Beat 813.0,Beat 813.0
Beat 814.0,Beat 814.0
Beat 815.0,Beat 815.0
Beat 821.0,Beat 821.0
Beat 822.0,Beat 822.0
Beat 823.0,Beat 823.0
Beat 824.0,Beat 824.0
Beat 825.0,Beat 825.0
Beat 831.0,Beat 831.0
Beat 832.0,Beat 832.0
Beat 833.0,Beat 833.0
Beat 834.0,Beat 834.0
Beat 835.0,Beat 835.0
Beat 911.0,Beat 911.0
Beat 912.0,Beat 912.0
Beat 913.0,Beat 913.0
Beat 914.0,Beat 914.0
Beat 915.0,Beat 915.0
Beat 921.0,Beat 921.0
Beat 922.0,Beat 922.0
Beat 923.0,Beat 923.0
Beat 924.0,Beat 924.0
Beat 925.0,Beat 925.0
Beat 931.0,Beat 931.0
Beat 932.0,Beat 932.0
Beat 933.0,Beat 933.0
Beat 934.0,Beat 934.0
Beat 935.0,Beat 935.0
Beat 1011.0,Beat 1011.0
Beat 1012.0,Beat 1012.0
Beat 1013.0,Beat 1013.0
Beat 1014.0,Beat 1014.0
Beat 1021.0,Beat 1021.0
Beat 1022.0,Beat 1022.0
Beat 1023.0,Beat 1023.0
Beat 1024.0,Beat 1024.0
Beat 1031.0,Beat 1031.0
Beat 1032.0,Beat 1032.0
Beat 1033.0,Beat 1033.0
Beat 1034.0,Beat 1034.0
Beat 1111.0,Beat 1111.0
Beat 1112.0,Beat 1112.0
Beat 1113.0,Beat 1113.0
Beat 1114.0,Beat 1114.0
Beat 1115.0,Beat 1115.0
Beat 1121.0,Beat 1121.0
Beat 1122.0,Beat 1122.0
Beat 1123.0,Beat 1123.0
Beat 1124.0,Beat 1124.0
Beat 1125.0,Beat 1125.0
Beat 1131.0,Beat 1131.0
Beat 1132.0,Beat 1132.0
Beat 1133.0,Beat 1133.0
Beat 1134.0,Beat 1134.0
Beat 1135.0,Beat 1135.0
Beat 1211.0,Beat 1211.0
Beat 1212.0,Beat 1212.0
Beat 1213.0,Beat 1213.0
Beat 1214.0,Beat 1214.0
Beat 1215.0,Beat 1215.0
Beat 1221.0,Beat 1221.0
Beat 1222.0,Beat 1222.0
Beat 1223.0,Beat 1223.0
Beat 1224.0,Beat 1224.0
Beat 1225.0,Beat 1225.0
Beat 1231.0,Beat 1231.0
Beat 1232.0,Beat 1232.0
Beat 1233.0,Beat 1233.0
Beat 1234.0,Beat 1234.0
Beat 1235.0,Beat 1235.0
Beat 1311.0,Beat 1311.0
Beat 1312.0,Beat 1312.0
Beat 1313.0,Beat 1313.0
Beat 1322.0,Beat 1322.0
Beat 1323.0,Beat 1323.0
Beat 1324.0,Beat 1324.0
Beat 1331.0,Beat 1331.0
Beat 1332.0,Beat 1332.0
Beat 1333.0,Beat 1333.0
Beat 1411.0,Beat 1411.0
Beat 1412.0,Beat 1412.0
Beat 1413.0,Beat 1413.0
Beat 1414.0,Beat 1414.0
Beat 1421.0,Beat 1421.0
Beat 1422.0,Beat 1422.0
Beat 1423.0,Beat 1423.0
Beat 1424.0,Beat 1424.0
Beat 1431.0,Beat 1431.0
Beat 1432.0,Beat 1432.0
Beat 1433.0,Beat 1433.0
Beat 1434.0,Beat 1434.0
Beat 1511.0,Beat 1511.0
Beat 1512.0,Beat 1512.0
Beat 1513.0,Beat 1513.0
Beat 1522.0,Beat 1522.0
Beat 1523.0,Beat 1523.0
Beat 1524.0,Beat 1524.0
Beat 1531.0,Beat 1531.0
Beat 1532.0,Beat 1532.0
Beat 1533.0,Beat 1533.0
Beat 1611.0,Beat 1611.0
Beat 1612.0,Beat 1612.0
Beat 1613.0,Beat 1613.0
Beat 1614.0,Beat 1614.0
Beat 1621.0,Beat 1621.0
Beat 1622.0,Beat 1622.0
Beat 1623.0,Beat 1623.0
Beat 1624.0,Beat 1624.0
Beat 1631.0,Beat 1631.0
Beat 1632.0,Beat 1632.0
Beat 1633.0,Beat 1633.0
Beat 1634.0,Beat 1634.0
Beat 1651.0,Beat 1651.0
Beat 1654.0,Beat 1654.0
Beat 1711.0,Beat 1711.0
Beat 1712.0,Beat 1712.0
Beat 1713.0,Beat 1713.0
Beat 1722.0,Beat 1722.0
Beat 1723.0,Beat 1723.0
Beat 1724.0,Beat 1724.0
Beat 1731.0,Beat 1731.0
Beat 1732.0,Beat 1732.0
Beat 1733.0,Beat 1733.0
Beat 1811.0,Beat 1811.0
Beat 1812.0,Beat 1812.0
Beat 1813.0,Beat 1813.0
Beat 1814.0,Beat 1814.0
Beat 1821.0,Beat 1821.0
Beat 1822.0,Beat 1822.0
Beat 1823.0,Beat 1823.0
Beat 1824.0,Beat 1824.0
Beat 1831.0,Beat 1831.0
Beat 1832.0,Beat 1832.0
Beat 1833.0,Beat 1833.0
Beat 1834.0,Beat 1834.0
Beat 1911.0,Beat 1911.0
Beat 1912.0,Beat 1912.0
Beat 1913.0,Beat 1913.0
Beat 1914.0,Beat 1914.0
Beat 1915.0,Beat 1915.0
Beat 1921.0,Beat 1921.0
Beat 1922.0,Beat 1922.0
Beat 1923.0,Beat 1923.0
Beat 1924.0,Beat 1924.0
Beat 1925.0,Beat 1925.0
Beat 1931.0,Beat 1931.0
Beat 1932.0,Beat 1932.0
Beat 1933.0,Beat 1933.0
Beat 1934.0,Beat 1934.0
Beat 1935.0,Beat 1935.0
Beat 2011.0,Beat 2011.0
Beat 2012.0,Beat 2012.0
Beat 2013.0,Beat 2013.0
Beat 2022.0,Beat 2022.0
Beat 2023.0,Beat 2023.0
Beat 2024.0,Beat 2024.0
Beat 2031.0,Beat 2031.0
Beat 2032.0,Beat 2032.0
Beat 2033.0,Beat 2033.0
Beat 2111.0,Beat 2111.0
Beat 2112.0,Beat 2112.0
Beat 2113.0,Beat 2113.0
Beat 2122.0,Beat 2122.0
Beat 2123.0,Beat 2123.0
Beat 2124.0,Beat 2124.0
Beat 2131.0,Beat 2131.0
Beat 2132.0,Beat 2132.0
Beat 2211.0,Beat 2211.0
Beat 2212.0,Beat 2212.0
Beat 2213.0,Beat 2213.0
Beat 2221.0,Beat 2221.0
Beat 2222.0,Beat 2222.0
Beat 2223.0,Beat 2223.0
Beat 2232.0,Beat 2232.0
Beat 2233.0,Beat 2233.0
Beat 2234.0,Beat 2234.0
Beat 2311.0,Beat 2311.0
Beat 2312.0,Beat 2312.0
Beat 2313.0,Beat 2313.0
Beat 2323.0,Beat 2323.0
Beat 2324.0,Beat 2324.0
Beat 2331.0,Beat 2331.0
Beat 2332.0,Beat 2332.0
Beat 2333.0,Beat 2333.0
Beat 2411.0,Beat 2411.0
Beat 2412.0,Beat 2412.0
Beat 2413.0,Beat 2413.0
Beat 2422.0,Beat 2422.0
Beat 2423.0,Beat 2423.0
Beat 2424.0,Beat 2424.0
Beat 2431.0,Beat 2431.0
Beat 2432.0,Beat 2432.0
Beat 2433.0,Beat 2433.0
Beat 2511.0,Beat 2511.0
Beat 2512.0,Beat 2512.0
Beat 2513.0,Beat 2513.0
Beat 2514.0,Beat 2514.0
Beat 2515.0,Beat 2515.0
Beat 2521.0,Beat 2521.0
Beat 2522.0,Beat 2522.0
Beat 2523.0,Beat 2523.0
Beat 2524.0,Beat 2524.0
Beat 2525.0,Beat 2525.0
Beat 2531.0,Beat 2531.0
Beat 2532.0,Beat 2532.0
Beat 2533.0,Beat 2533.0
Beat 2534.0,Beat 2534.0
Beat 2535.0,Beat 2535.0
Beat 3100.0,Beat 3100.0
Beat 4100.0,Beat 4100.0
Beat nan,Beat nan
officers_age,officers_age
agesqrd,agesqrd
rodents_count_7days500m,rodents_count_7days500m
rodents_count_3months500m,rodents_count_3months500m
rodents_count_7days1000m,rodents_count_7days1000m
rodents_count_3months1000m,rodents_count_3months1000m
rodents_count_7days2500m,rodents_count_7days2500m
rodents_count_3months2500m,rodents_count_3months2500m
garbage_count_7days500m,garbage_count_7days500m
garbage_count_3months500m,garbage_count_3months500m
garbage_count_7days1000m,garbage_count_7days1000m
garbage_count_3months1000m,garbage_count_3months1000m
garbage_count_7days2500m,garbage_count_7days2500m
garbage_count_3months2500m,garbage_count_3months2500m
sanitation_count_7days500m,sanitation_count_7days500m
sanitation_count_3months500m,sanitation_count_3months500m
sanitation_count_7days1000m,sanitation_count_7days1000m
sanitation_count_3months1000m,sanitation_count_3months1000m
sanitation_count_7days2500m,sanitation_count_7days2500m
sanitation_count_3months2500m,sanitation_count_3months2500m
alleylights_count_7days500m,alleylights_count_7days500m
alleylights_count_3months500m,alleylights_count_3months500m
alleylights_count_7days1000m,alleylights_count_7days1000m
alleylights_count_3months1000m,alleylights_count_3months1000m
alleylights_count_7days2500m,alleylights_count_7days2500m
alleylights_count_3months2500m,alleylights_count_3months2500m
vacantbuildings_count_7days500m,vacantbuildings_count_7days500m
vacantbuildings_count_3months500m,vacantbuildings_count_3months500m
vacantbuildings_count_7days1000m,vacantbuildings_count_7days1000m
vacantbuildings_count_3months1000m,vacantbuildings_count_3months1000m
vacantbuildings_count_7days2500m,vacantbuildings_count_7days2500m
vacantbuildings_count_3months2500m,vacantbuildings_count_3months2500m
streetlights_all_count_7days500m,streetlights_all_count_7days500m
streetlights_all_count_3months500m,streetlights_all_count_3months500m
streetlights_all_count_7days1000m,streetlights_all_count_7days1000m
streetlights_all_count_3months1000m,streetlights_all_count_3months1000m
streetlights_all_count_7days2500m,streetlights_all_count_7days2500m
streetlights_all_count_3months2500m,streetlights_all_count_3months2500m
vehicles_count_7days500m,vehicles_count_7days500m
vehicles_count_3months500m,vehicles_count_3months500m
vehicles_count_7days1000m,vehicles_count_7days1000m
vehicles_count_3months1000m,vehicles_count_3months1000m
vehicles_count_7days2500m,vehicles_count_7days2500m
vehicles_count_3months2500m,vehicles_count_3months2500m
streetlights_one_count_7days500m,streetlights_one_count_7days500m
streetlights_one_count_3months500m,streetlights_one_count_3months500m
streetlights_one_count_7days1000m,streetlights_one_count_7days1000m
streetlights_one_count_3months1000m,streetlights_one_count_3months1000m
streetlights_one_count_7days2500m,streetlights_one_count_7days2500m
treetrims_count_7days500m,treetrims_count_7days500m
treetrims_count_3months500m,treetrims_count_3months500m
treetrims_count_7days1000m,treetrims_count_7days1000m
treetrims_count_3months1000m,treetrims_count_3months1000m
treetrims_count_7days2500m,treetrims_count_7days2500m
treetrims_count_3months2500m,treetrims_count_3months2500m
potholes_count_7days500m,potholes_count_7days500m
potholes_count_3months500m,potholes_count_3months500m
potholes_count_7days1000m,potholes_count_7days1000m
potholes_count_3months1000m,potholes_count_3months1000m
potholes_count_7days2500m,potholes_count_7days2500m
potholes_count_3months2500m,potholes_count_3months2500m
graffiti_count_7days500m,graffiti_count_7days500m
graffiti_count_3months500m,graffiti_count_3months500m
graffiti_count_7days1000m,graffiti_count_7days1000m
graffiti_count_3months1000m,graffiti_count_3months1000m
graffiti_count_7days2500m,graffiti_count_7days2500m
graffiti_count_3months2500m,graffiti_count_3months2500m
crimes_03_14days500m,crimes_03_14days500m
crimes_06_14days500m,crimes_06_14days500m
crimes_18_14days500m,crimes_18_14days500m
crimes_22_14days500m,crimes_22_14days500m
crimes_03_3months500m,crimes_03_3months500m
crimes_06_3months500m,crimes_06_3months500m
crimes_18_3months500m,crimes_18_3months500m
crimes_22_3months500m,crimes_22_3months500m
crimes_03_14days1000m,crimes_03_14days1000m
crimes_06_14days1000m,crimes_06_14days1000m
crimes_18_14days1000m,crimes_18_14days1000m
crimes_22_14days1000m,crimes_22_14days1000m
crimes_03_3months1000m,crimes_03_3months1000m
crimes_06_3months1000m,crimes_06_3months1000m
crimes_18_3months1000m,crimes_18_3months1000m
crimes_22_3months1000m,crimes_22_3months1000m
crimes_03_14days2500m,crimes_03_14days2500m
allegationcount14days500m,allegationcount14days500m
allegationcount3months500m,allegationcount3months500m
allegationcount6months500m,allegationcount6months500m
allegationcount1year500m,allegationcount1year500m
allegationcount14days1000m,allegationcount14days1000m
allegationcount3months1000m,allegationcount3months1000m
allegationcount6months1000m,allegationcount6months1000m
allegationcount1year1000m,allegationcount1year1000m
allegationcount14days2500m,allegationcount14days2500m
allegationcount3months2500m,allegationcount3months2500m
allegationcount6months2500m,allegationcount6months2500m
allegationcount1year2500m,allegationcount1year2500m
priors,priors
pct017,pct017
pct1824,pct1824
pct2534,pct2534
pct3544,pct3544
pct4554,pct4554
pct5564,pct5564
pct6500,pct6500
ptnla,ptnla
ptnlb,ptnlb
ptnlwh,ptnlwh
ptnloth,ptnloth
ptl,ptl
ptlths,ptlths
pthsged,pthsged
ptsomeco,ptsomeco
ptbaplus,ptbaplus
ptpov,ptpov
pctfb,pctfb
complainant_age,complainant_age
count,count
index,index
physical:False,physical:False
physical:True,physical:True
physical:nan,physical:nan
car_time,car_time
transit_time,transit_time
Rank CMDR,Rank CMDR
Rank Chief,Rank Chief
Rank Cpt,Rank Cpt
Rank DET,Rank DET
Rank ET,Rank ET
Rank FTO,Rank FTO
Rank LT,Rank LT
Rank PO,Rank PO
Rank SGT,Rank SGT
Rank UNKNOWN,Rank UNKNOWN
Rank nan,Rank nan
officer_id.1,officer_id.1
Officer Asian,Officer Asian
Officer Black,Officer Black
Officer Hispanic,Officer Hispanic
Officer Italian,Officer Italian
Officer White,Officer White
Officer White/Hispanic,Officer White/Hispanic
Officer nan,Officer nan
Officer F,Officer F
Officer M,Officer M
Officer nan.1,Officer nan.1
Complainant Asian,Complainant Asian
Complainant Black,Complainant Black
Complainant Black/Hispanic,Complainant Black/Hispanic
Complainant Hispanic,Complainant Hispanic
Complainant Native American,Complainant Native American
Complainant Unknown,Complainant Unknown
Complainant White,Complainant White
Complainant White/Hispanic,Complainant White/Hispanic
Complainant nan,Complainant nan
Complainant F,Complainant F
Complainant M,Complainant M
Complainant X,Complainant X
Complainant nan.1,Complainant nan.1
Category 01A,Category 01A
Category 01B,Category 01B
Category 01C,Category 01C
Category 02A,Category 02A
Category 02B,Category 02B
Category 02D,Category 02D
Category 02G,Category 02G
Category 03A,Category 03A
Category 03B,Category 03B
Category 03C,Category 03C
Category 03D,Category 03D
Category 03E,Category 03E
Category 03G,Category 03G
Category 04A,Category 04A
Category 04B,Category 04B
Category 04C,Category 04C
Category 04D,Category 04D
Category 04E,Category 04E
Category 04F,Category 04F
Category 04G,Category 04G
Category 04H,Category 04H
Category 04J,Category 04J
Category 05A,Category 05A
Category 05B,Category 05B
Category 05C,Category 05C
Category 05D,Category 05D
Category 05F,Category 05F
Category 05G,Category 05G
Category 05H,Category 05H
Category 05J,Category 05J
Category 05K,Category 05K
Category 05L,Category 05L
Category 05M,Category 05M
Category 05N,Category 05N
Category 05P,Category 05P
Category 05Q,Category 05Q
Category 06B,Category 06B
Category 06G,Category 06G
Category 06J,Category 06J
Category 07A,Category 07A
Category 07B,Category 07B
Category 07D,Category 07D
Category 07E,Category 07E
Category 07F,Category 07F
Category 07T,Category 07T
Category 08B,Category 08B
Category 08C,Category 08C
Category 08F,Category 08F
Category 08J,Category 08J
Category 08M,Category 08M
Category 08N,Category 08N
Category 09A,Category 09A
Category 09B,Category 09B
Category 09C,Category 09C
Category 09D,Category 09D
Category 09F,Category 09F
Category 09G,Category 09G
Category 09J,Category 09J
Category 09K,Category 09K
Category 09L,Category 09L
Category 10A,Category 10A
Category 10B,Category 10B
Category 10D,Category 10D
Category 10E,Category 10E
Category 10F,Category 10F
Category 10G,Category 10G
Category 10H,Category 10H
Category 10J,Category 10J
Category 10L,Category 10L
Category 10M,Category 10M
Category 10N,Category 10N
Category 10P,Category 10P
Category 10Q,Category 10Q
Category 10S,Category 10S
Category 10T,Category 10T
Category 10U,Category 10U
Category 10V,Category 10V
Category 10W,Category 10W
Category 10Z,Category 10Z
Category 12A,Category 12A
Category 12B,Category 12B
Category 12D,Category 12D
Category 12E,Category 12E
Category 12F,Category 12F
Category 14A,Category 14A
Category 15A,Category 15A
Category 15B,Category 15B
Category 15D,Category 15D
Category 15E,Category 15E
Category 15H,Category 15H
Category 15J,Category 15J
Category 15K,Category 15K
Category nan,Category nan
